country,type,color
Afghanistan,blush,#E77B7C
Afghanistan,eyeliner,#292929
Afghanistan,eyeshadow,#A48779|#2E1C1C
Afghanistan,foudation,#FBDFD0
Afghanistan,lipstick,#C20E25
Albania,blush,#F07082
Albania,eyeliner,#292929
Albania,eyeshadow,#F4D4C4|#BEA896|#C49992
Albania,foudation,#A7674F
Albania,lipstick,#D68E97
Algeria,blush,#EA529A
Algeria,eyeliner,#000000
Algeria,eyeshadow,#884A49|#F8D1D9
Algeria,foudation,#FFFFFF
Algeria,lipstick,#9F0005
American Samoa,blush,#CF6F76
American Samoa,eyeliner,#000000
American Samoa,eyeshadow,#5C5B59
American Samoa,foudation,#F1D1AC
American Samoa,lipstick,#C6484F
Andorra,blush,#AE7D5D
Andorra,eyeliner,#000000
Andorra,eyeshadow,#A8A8AA|#E6DFD5|#353439|#807675|#4A4849
Andorra,foudation,#FFB6C1
Andorra,lipstick,#EE5C75
Angola,blush,#FCBA9D
Angola,eyeliner,#000000
Angola,eyeshadow,#C19E84|#B58D80|#886D69|#594746|#000000
Angola,foudation,#9A633A
Angola,lipstick,#6C2744
Anguilla,blush,#FAC4C5
Anguilla,eyeliner,#000000
Anguilla,eyeshadow,#A27172
Anguilla,foudation,#D5B9AE
Anguilla,lipstick,#C68989
Antigua & Barbuda,blush,#C79783
Antigua & Barbuda,eyeliner,#000000
Antigua & Barbuda,eyeshadow,#A48779|#2E1C1C
Antigua & Barbuda,foudation,#854E2F
Antigua & Barbuda,lipstick,#81374A
Antigua & Barbuda,lipstick,#BC837C
Argentina,blush,#F6938D
Argentina,eyeliner,#000000
Argentina,eyeshadow,#00000
Argentina,foudation,#FBDFD0
Argentina,lipstick,#9F0005
Armenia,blush,#D7AD7A
Armenia,eyeliner,#000000
Armenia,eyeshadow,#884A49|#F8D1D9
Armenia,foudation,#FBDFD0
Armenia,lipstick,#9B294D
Aruba,blush,#E77B7C
Aruba,eyeliner,#000000
Aruba,eyeshadow,#AF8781|#B9816A|#292325
Aruba,foudation,#C18C6E
Aruba,lipstick,#FF3296
Australia,blush,#E77B7C
Australia,eyeliner,#000000
Australia,eyeshadow,#AF8781|#B9816A|#292325
Australia,foudation,#D5B9AE
Australia,lipstick,#D68E97
Austria,blush,#F07082
Austria,eyeliner,#292929
Austria,eyeshadow,#8F6963
Austria,foudation,#A7674F
Austria,lipstick,#8F343B
Azerbaijan,blush,#EA8FAD
Azerbaijan,eyeliner,#000000
Azerbaijan,eyeshadow,#884A49|#F8D1D9
Azerbaijan,foudation,#FBDFD0
Azerbaijan,lipstick,#9B294D
Bahamas,blush,#C79783
Bahamas,eyeliner,#000000
Bahamas,eyeshadow,#AF8781|#B9816A|#292325
Bahamas,foudation,#B37647
Bahamas,lipstick,#C68989
Bahrain,blush,#E77B7C
Bahrain,eyeliner,#292929
Bahrain,eyeshadow,#F4D4C4|#BEA896|#C49992
Bahrain,foudation,#FBDFD0
Bahrain,lipstick,#C20E25
Bangladesh,blush,#F8BCAD
Bangladesh,eyeliner,#292929
Bangladesh,eyeshadow,#F4D4C4|#BEA896|#C49992
Bangladesh,foudation,#FBDFD0
Bangladesh,lipstick,#C20E25
Barbados,blush,#ECBF98
Barbados,eyeliner,#000000
Barbados,eyeshadow,#E18BBC|#0F2B74
Barbados,foudation,#A56B51
Barbados,lipstick,#7C243E
Belarus,blush,#EA8FAD
Belarus,eyeliner,#000000
Belarus,eyeshadow,#352E37|#C9C9C9
Belarus,foudation,#E3AC8A
Belarus,lipstick,#9B294D
Belgium,blush,#8A4C3D
Belgium,eyeliner,#000000
Belgium,eyeshadow,#352E37|#C9C9C9
Belgium,eyeshadow,#884A49|#F8D1D9
Belgium,foudation,#FFB6C1
Belgium,lipstick,#9B294D
Belize,blush,#F8BCAD
Belize,eyeliner,#000000
Belize,eyeshadow,#A48779|#2E1C1C
Belize,foudation,#F3D3AE
Belize,lipstick,#8D2029
Benin,blush,#8A4C3D
Benin,eyeliner,#131512
Benin,eyeshadow,#884A49|#F8D1D9
Benin,foudation,#9A633A
Benin,lipstick,#9B294D
Bermuda,blush,#E77B7C
Bermuda,eyeliner,#000000
Bermuda,eyeshadow,#AF8781|#B9816A|#292325
Bermuda,foudation,#854E2F
Bermuda,lipstick,#A90010
Bhutan,blush,#AD070B
Bhutan,eyeliner,#292929
Bhutan,eyeshadow,#F4D4C4|#BEA896|#C49992
Bhutan,foudation,#F3D3AE
Bhutan,lipstick,#7C243E
Bolivia,blush,#F8BED7
Bolivia,eyeliner,#000000
Bolivia,eyeshadow,#A48779|#2E1C1C
Bolivia,foudation,#FBDFD0
Bolivia,lipstick,#FF3296
Bosnia & Herzegovina,blush,#F07082
Bosnia & Herzegovina,eyeliner,#292929
Bosnia & Herzegovina,eyeshadow,#00000
Bosnia & Herzegovina,foudation,#A7674F
Bosnia & Herzegovina,lipstick,#8F343B
Botswana,blush,#EA7E79
Botswana,eyeliner,#292929
Botswana,eyeshadow,#00000
Botswana,foudation,#B37647
Botswana,lipstick,#6F323B
Brazil,blush,#FD7198
Brazil,eyeliner,#000000
Brazil,eyeshadow,#C19E84|#B58D80|#886D69|#594746|#000000
Brazil,foudation,#CFAC8C
Brazil,lipstick,#934350
British Indian Ocean Territory,blush,#E77B7C
British Indian Ocean Territory,eyeliner,#292929
British Indian Ocean Territory,lipstick,#934054
British Indian Ocean Territory,lipstick,#DB5A79
British Virgin Islands,blush,#F4819E
British Virgin Islands,eyeliner,#000000
British Virgin Islands,eyeshadow,#AF8781|#B9816A|#292325
British Virgin Islands,foudation,#A56B51
British Virgin Islands,lipstick,#D26B7E
Brunei,blush,#E77B7C
Brunei,eyeliner,#292929
Brunei,eyeshadow,#FFFFEE|#996B59|#3F373F
Brunei,foudation,#FBDFD0
Brunei,lipstick,#C20E25
Bulgaria,blush,#F07082
Bulgaria,eyeliner,#000000
Bulgaria,eyeshadow,#A48779|#2E1C1C
Bulgaria,foudation,#854E2F
Bulgaria,lipstick,#D68E97
Burkina Faso,blush,#FCBA9D
Burkina Faso,eyeliner,#141215
Burkina Faso,eyeshadow,#884A49|#F8D1D9
Burkina Faso,foudation,#874721
Burkina Faso,lipstick,#9B294D
Burundi,blush,#FCBA9D
Burundi,eyeliner,#000000
Burundi,eyeshadow,#884A49|#F8D1D9
Burundi,foudation,#C08559
Burundi,lipstick,#6C2744
Cambodia,blush,#E77B7C
Cambodia,eyeliner,#292929
Cambodia,eyeshadow,#AF8781|#B9816A|#292325
Cambodia,foudation,#D5B9AE
Cambodia,lipstick,#C20E25
Cameroon,blush,#8A4C3D
Cameroon,eyeliner,#131512
Cameroon,eyeshadow,#884A49|#F8D1D9
Cameroon,foudation,#874721
Cameroon,lipstick,#9B294D
Canada,blush,#E77B7C
Canada,eyeliner,#000000
Canada,eyeshadow,#C19E84|#B58D80|#886D69|#594746|#000000
Canada,foudation,#CFAC8C
Canada,lipstick,#934350
Cape Verde,blush,#B8584C
Cape Verde,eyeliner,#000000
Cape Verde,eyeshadow,#C17E66|#E8B9A2|#99634C|#604D42|#2F2F32
Cape Verde,foudation,#C29C77
Cape Verde,lipstick,#672A31
Caribbean Netherlands,blush,#F8BCAD
Caribbean Netherlands,eyeliner,#000000
Caribbean Netherlands,eyeshadow,#F3CFB3
Caribbean Netherlands,foudation,#A56B51
Caribbean Netherlands,lipstick,#7E2032
Cayman Islands,blush,#DB6E8E
Cayman Islands,eyeliner,#000000
Cayman Islands,eyeshadow,#161815|#0E1215
Cayman Islands,foudation,#C18C6E
Cayman Islands,lipstick,#D60070
Central African Republic,blush,#8A4C3D
Central African Republic,eyeliner,#131512
Central African Republic,eyeshadow,#9C9D97
Central African Republic,eyeshadow,#A18985
Central African Republic,foudation,#874721
Central African Republic,lipstick,#9E003C
Chad,blush,#FCBA9D
Chad,eyeliner,#141215
Chad,eyeshadow,#884A49|#F8D1D9
Chad,foudation,#C08559
Chad,lipstick,#9F0005
Chile,blush,#E77B7C
Chile,eyeliner,#000000
Chile,eyeshadow,#A48779|#2E1C1C
Chile,foudation,#FBDFD0
Chile,lipstick,#81374A
China,blush,#EA529A
China,eyeliner,#000000
China,eyeshadow,#B68667
China,foudation,#FBDFD0
China,lipstick,#9F0005
Colombia,blush,#C2727C
Colombia,eyeliner,#000000
Colombia,eyeshadow,#A48779|#2E1C1C
Colombia,foudation,#CC9785
Colombia,lipstick,#D89192
Comoros,blush,#C70B68
Comoros,eyeliner,#131512
Comoros,eyeshadow,#2F292A
Comoros,foudation,#FFB6C1
Comoros,lipstick,#E01A69
Congo - Brazzaville,blush,#FCBA9D
Congo - Brazzaville,eyeliner,#131512
Congo - Brazzaville,eyeshadow,#2F292A
Congo - Brazzaville,foudation,#C08559
Congo - Brazzaville,lipstick,#9F0005
Congo - Kinshasa,blush,#FCBA9D
Congo - Kinshasa,eyeliner,#141215
Congo - Kinshasa,eyeshadow,#884A49|#F8D1D9
Congo - Kinshasa,foudation,#9A633A
Congo - Kinshasa,lipstick,#9B294D
Cook Islands,blush,#85523B
Cook Islands,blush,#A14C6F
Cook Islands,blush,#B56B83
Cook Islands,blush,#B8705B
Cook Islands,blush,#CA3639
Cook Islands,blush,#D1554C
Cook Islands,blush,#DA291C
Cook Islands,blush,#DB6E8E
Cook Islands,blush,#DC5E87
Cook Islands,blush,#DE887A
Cook Islands,blush,#E17692
Cook Islands,blush,#F4819E
Cook Islands,eyeliner,#292929
Cook Islands,eyeshadow,#5B3C11
Cook Islands,foudation,#BC9D80
Cook Islands,foudation,#E8CFBB
Cook Islands,foudation,#F2D1A2
Cook Islands,lipstick,#AE1C52
Costa Rica,blush,#F6938D
Costa Rica,eyeliner,#000000
Costa Rica,eyeshadow,#00000
Costa Rica,foudation,#B28B64
Costa Rica,lipstick,#81374A
Cote d・Ivoire,blush,#8A4C3D
Cote d・Ivoire,eyeliner,#141215
Cote d・Ivoire,eyeshadow,#884A49|#F8D1D9
Cote d・Ivoire,foudation,#874721
Cote d・Ivoire,foudation,#9A633A
Cote d・Ivoire,lipstick,#9B294D
Croatia,blush,#F07082
Croatia,eyeliner,#292929
Croatia,eyeshadow,#6D4F47
Croatia,foudation,#A7674F
Croatia,lipstick,#8F343B
Cuba,blush,#E77B7C
Cuba,eyeliner,#000000
Cuba,eyeshadow,#AF8781|#B9816A|#292325
Cuba,foudation,#D5B9AE
Cuba,lipstick,#9F0005
Curacao,blush,#E77B7C
Curacao,eyeliner,#000000
Curacao,eyeshadow,#AF8781|#B9816A|#292325
Curacao,foudation,#854E2F
Curacao,lipstick,#C2777F
Cyprus,blush,#EA8FAD
Cyprus,eyeliner,#292929
Cyprus,eyeshadow,#F4D4C4|#BEA896|#C49992
Cyprus,foudation,#DDC3AC
Cyprus,lipstick,#C20E25
Czechia,blush,#FFACAC
Czechia,eyeliner,#000000
Czechia,eyeshadow,#F4D4C4|#BEA896|#C49992
Czechia,foudation,#DEA376
Czechia,lipstick,#D68E97
Denmark,blush,#F07082
Denmark,eyeliner,#000000
Denmark,eyeshadow,#FFFFEE|#934930|#5E3C3A
Denmark,foudation,#A7674F
Denmark,lipstick,#C20E25
Djibouti,blush,#FCBA9D
Djibouti,eyeliner,#131512
Djibouti,eyeshadow,#2F292A
Djibouti,eyeshadow,#884A49|#F8D1D9
Djibouti,foudation,#FFFFFF
Djibouti,lipstick,#9F0005
Dominica,blush,#AE7F67
Dominica,eyeliner,#000000
Dominica,eyeshadow,#00000
Dominica,foudation,#B28B64
Dominica,lipstick,#975551
Dominican Republic,blush,#E77B7C
Dominican Republic,eyeliner,#000000
Dominican Republic,eyeshadow,#AF8781|#B9816A|#292325
Dominican Republic,foudation,#FBDFD0
Dominican Republic,lipstick,#9F0005
Ecuador,blush,#F6938D
Ecuador,eyeliner,#000000
Ecuador,eyeshadow,#AF8781|#B9816A|#292325
Ecuador,foudation,#FBDFD0
Ecuador,lipstick,#FF3296
Egypt,blush,#E77B7C
Egypt,eyeliner,#292929
Egypt,eyeshadow,#A48779|#2E1C1C
Egypt,foudation,#FBDFD0
Egypt,lipstick,#D68E97
El Salvador,blush,#F6938D
El Salvador,eyeliner,#000000
El Salvador,eyeshadow,#A48779|#2E1C1C
El Salvador,foudation,#FBDFD0
El Salvador,lipstick,#FF3296
Equatorial Guinea,blush,#C70B68
Equatorial Guinea,blush,#FCBA9D
Equatorial Guinea,eyeliner,#000000
Equatorial Guinea,eyeshadow,#884A49|#F8D1D9
Equatorial Guinea,foudation,#FFB6C1
Equatorial Guinea,lipstick,#9B294D
Estonia,blush,#EA8FAD
Estonia,eyeliner,#000000
Estonia,eyeshadow,#00000
Estonia,foudation,#E3AC8A
Estonia,lipstick,#AC122A
Ethiopia,blush,#F7C4B3
Ethiopia,eyeliner,#292929
Ethiopia,eyeshadow,#00000
Ethiopia,foudation,#CB8A54
Ethiopia,lipstick,#7C243E
Falkland Islands,eyeliner,#000000
Falkland Islands,eyeliner,#454545
Falkland Islands,lipstick,#EFC6D0
Falkland Islands,lipstick,#FBCFCB
Falkland Islands,lipstick,#FF5748
Faroe Islands,blush,#F07082
Faroe Islands,eyeliner,#000000
Faroe Islands,eyeshadow,#FFFFEE|#934930|#5E3C3A
Faroe Islands,foudation,#A56966
Faroe Islands,foudation,#C19C7A
Faroe Islands,foudation,#DEC8B3
Faroe Islands,foudation,#F3D3AE
Faroe Islands,foudation,#FFDAC1
Faroe Islands,lipstick,#7C243E
Faroe Islands,lipstick,#C20E25
Fiji,blush,#B46E73
Fiji,eyeliner,#292929
Fiji,eyeshadow,#F4D4C4|#BEA896|#C49992
Fiji,foudation,#FBDFD0
Fiji,lipstick,#7C243E
Finland,blush,#F07082
Finland,eyeliner,#000000
Finland,eyeshadow,#FFFFEE|#934930|#5E3C3A
Finland,foudation,#FBDFD0
Finland,lipstick,#C20E25
France,blush,#8A4C3D
France,eyeliner,#000000
France,eyeshadow,#884A49|#F8D1D9
France,foudation,#FFB6C1
France,lipstick,#9B294D
French Guiana,blush,#C70B68
French Guiana,eyeliner,#131512
French Guiana,eyeshadow,#352E37|#C9C9C9
French Guiana,foudation,#9A633A
French Guiana,lipstick,#9B294D
French Polynesia,blush,#DD85B8
French Polynesia,eyeliner,#131512
French Polynesia,eyeshadow,#352E37|#C9C9C9
French Polynesia,foudation,#C08559
French Polynesia,lipstick,#E88095
Gabon,blush,#FCBA9D
Gabon,eyeliner,#131512
Gabon,eyeshadow,#352E37|#C9C9C9
Gabon,foudation,#874721
Gabon,lipstick,#9B294D
Gambia,blush,#FF5F3D
Gambia,eyeliner,#292929
Gambia,eyeshadow,#F4D4C4|#BEA896|#C49992
Gambia,foudation,#854E2F
Gambia,lipstick,#7C243E
Georgia,blush,#D7AD7A
Georgia,eyeliner,#000000
Georgia,eyeshadow,#A8A8AA|#E6DFD5|#353439|#807675|#4A4849
Georgia,foudation,#FBDFD0
Georgia,lipstick,#9B294D
Germany,blush,#F07082
Germany,eyeliner,#292929
Germany,eyeshadow,#8F6963
Germany,foudation,#A7674F
Germany,lipstick,#8F343B
Ghana,blush,#ECBF98
Ghana,eyeliner,#000000
Ghana,eyeshadow,#A48779|#2E1C1C
Ghana,foudation,#854E2F
Ghana,lipstick,#D68E97
Gibraltar,blush,#BE4451
Gibraltar,eyeliner,#292929
Gibraltar,eyeshadow,#F4D4C4|#BEA896|#C49992
Gibraltar,foudation,#A7674F
Gibraltar,foudation,#BE7338
Gibraltar,foudation,#CE9462
Gibraltar,foudation,#DDBE9A
Gibraltar,foudation,#E1BC92
Gibraltar,foudation,#E4BF9A
Gibraltar,foudation,#F3D3AE
Gibraltar,foudation,#FFB6C1
Gibraltar,lipstick,#A90010
Greece,blush,#F07082
Greece,eyeliner,#292929
Greece,eyeshadow,#5B3C11
Greece,foudation,#A7674F
Greece,lipstick,#8D2029
Greenland,blush,#F07082
Greenland,eyeliner,#000000
Greenland,eyeshadow,#A48779|#2E1C1C
Greenland,foudation,#B28B64
Greenland,lipstick,#C20E25
Grenada,blush,#C37A66
Grenada,eyeliner,#000000
Grenada,eyeshadow,#00000
Grenada,foudation,#854E2F
Grenada,lipstick,#8C121B
Guadeloupe,blush,#C70B68
Guadeloupe,eyeliner,#131512
Guadeloupe,eyeshadow,#884A49|#F8D1D9
Guadeloupe,foudation,#C08559
Guadeloupe,lipstick,#6C2744
Guam,blush,#EA529A
Guam,eyeliner,#000000
Guam,eyeshadow,#A48779|#2E1C1C
Guam,foudation,#FBDFD0
Guam,lipstick,#C36767
Guatemala,blush,#DC5E87
Guatemala,eyeliner,#000000
Guatemala,eyeshadow,#A48779|#2E1C1C
Guatemala,foudation,#FBDFD0
Guatemala,lipstick,#9F0005
Guernsey,blush,#A14C6F
Guernsey,blush,#B77783
Guernsey,blush,#BE4451
Guernsey,blush,#D44DA4
Guernsey,blush,#E1A773
Guernsey,blush,#E798A6
Guernsey,eyeliner,#292929
Guernsey,eyeshadow,#FEFEFE
Guernsey,foudation,#BD906F
Guernsey,lipstick,#B97B7B
Guinea,blush,#FCBA9D
Guinea,eyeliner,#131512
Guinea,eyeshadow,#884A49|#F8D1D9
Guinea,foudation,#DDB790
Guinea,lipstick,#F2A1BF
Guinea-Bissau,blush,#8A4C3D
Guinea-Bissau,eyeliner,#000000
Guinea-Bissau,eyeshadow,#2F292A
Guinea-Bissau,eyeshadow,#9C9D97
Guinea-Bissau,eyeshadow,#C17E66|#E8B9A2|#99634C|#604D42|#2F2F32
Guinea-Bissau,foudation,#874721
Guinea-Bissau,foudation,#9A633A
Guinea-Bissau,lipstick,#A60A1F
Guyana,blush,#ECBF98
Guyana,eyeliner,#000000
Guyana,eyeshadow,#A48779|#2E1C1C
Guyana,foudation,#FBDFD0
Guyana,lipstick,#81374A
Haiti,blush,#FCBA9D
Haiti,eyeliner,#000000
Haiti,eyeshadow,#884A49|#F8D1D9
Haiti,foudation,#874721
Haiti,lipstick,#F99CA4
Honduras,blush,#F6938D
Honduras,eyeliner,#000000
Honduras,eyeshadow,#A48779|#2E1C1C
Honduras,foudation,#FBDFD0
Honduras,lipstick,#9F0005
Hong Kong SAR China,blush,#E77B7C
Hong Kong SAR China,eyeliner,#292929
Hong Kong SAR China,eyeshadow,#A48779|#2E1C1C
Hong Kong SAR China,foudation,#FBDFD0
Hong Kong SAR China,lipstick,#C20E25
Hungary,blush,#F07082
Hungary,eyeliner,#292929
Hungary,eyeshadow,#A48779|#2E1C1C
Hungary,foudation,#A7674F
Hungary,lipstick,#B97B7B
Hungary,lipstick,#D68E97
Iceland,blush,#E77B7C
Iceland,eyeliner,#292929
Iceland,eyeshadow,#51529C
Iceland,foudation,#A7674F
Iceland,lipstick,#B97B7B
India,blush,#F4928F
India,eyeliner,#292929
India,eyeshadow,#F4D4C4|#BEA896|#C49992
India,foudation,#F3C6A2
India,lipstick,#C20E25
Indonesia,blush,#E77B7C
Indonesia,eyeliner,#292929
Indonesia,eyeshadow,#A48779|#2E1C1C
Indonesia,foudation,#FBDFD0
Indonesia,lipstick,#D68E97
Iran,blush,#ECBF98
Iran,eyeliner,#000000
Iran,eyeshadow,#A48779|#2E1C1C
Iran,foudation,#D5B9AE
Iran,lipstick,#8C121B
Iraq,blush,#E77B7C
Iraq,eyeliner,#000000
Iraq,eyeshadow,#5B3C11
Iraq,foudation,#F3D3AE
Iraq,lipstick,#D68E97
Ireland,blush,#F49382
Ireland,eyeliner,#292929
Ireland,eyeshadow,#5B3C11
Ireland,foudation,#CFAC8C
Ireland,lipstick,#D68E97
Isle of Man,blush,#EC949D
Isle of Man,eyeliner,#292929
Isle of Man,eyeshadow,#F4D4C4|#BEA896|#C49992
Isle of Man,foudation,#D5B9AE
Isle of Man,lipstick,#B97B7B
Israel,blush,#EA8FAD
Israel,eyeliner,#000000
Israel,eyeshadow,#A48779|#2E1C1C
Israel,foudation,#FBDFD0
Israel,lipstick,#9B294D
Italy,blush,#F07082
Italy,eyeliner,#292929
Italy,eyeshadow,#F4D4C4|#BEA896|#C49992
Italy,foudation,#A7674F
Italy,lipstick,#C20E25
Jamaica,blush,#F6938D
Jamaica,eyeliner,#000000
Jamaica,eyeshadow,#AF8781|#B9816A|#292325
Jamaica,foudation,#854E2F
Jamaica,lipstick,#81374A
Japan,blush,#FF8596
Japan,eyeliner,#000000
Japan,eyeshadow,#FFDCC7|#EF9A5F|#B55D4A|#B55D4A|#000000
Japan,foudation,#F9DBD0
Japan,lipstick,#D81738
Jersey,blush,#C70B68
Jersey,eyeliner,#292929
Jersey,eyeshadow,#FEFEFE
Jersey,foudation,#F3C6A2
Jersey,lipstick,#B97B7B
Jordan,blush,#E77B7C
Jordan,eyeliner,#292929
Jordan,eyeshadow,#F4D4C4|#BEA896|#C49992
Jordan,foudation,#FBDFD0
Jordan,lipstick,#D68E97
Kazakhstan,blush,#EA8FAD
Kazakhstan,eyeliner,#000000
Kazakhstan,eyeshadow,#352E37|#C9C9C9
Kazakhstan,foudation,#FBDFD0
Kazakhstan,lipstick,#9B294D
Kenya,blush,#F8BCAD
Kenya,eyeliner,#292929
Kenya,eyeshadow,#A48779|#2E1C1C
Kenya,foudation,#854E2F
Kenya,lipstick,#8D2029
Kiribati,blush,#D29F7F
Kiribati,eyeliner,#000000
Kiribati,eyeshadow,#9C9D97
Kiribati,foudation,#F1D1AC
Kiribati,lipstick,#81374A
Kuwait,blush,#E77B7C
Kuwait,eyeliner,#292929
Kuwait,eyeshadow,#F4D4C4|#BEA896|#C49992
Kuwait,foudation,#FBDFD0
Kuwait,lipstick,#C20E25
Kyrgyzstan,blush,#F0D1A3
Kyrgyzstan,eyeliner,#000000
Kyrgyzstan,eyeshadow,#884A49|#F8D1D9
Kyrgyzstan,foudation,#FBDFD0
Kyrgyzstan,lipstick,#9B294D
Laos,blush,#E77B7C
Laos,eyeliner,#000000
Laos,eyeshadow,#956C58
Laos,foudation,#D5B9AE
Laos,lipstick,#A75F50
Latvia,blush,#EA8FAD
Latvia,eyeliner,#000000
Latvia,eyeshadow,#352E37|#C9C9C9
Latvia,foudation,#E1B59C
Latvia,lipstick,#9B294D
Lebanon,blush,#E77B7C
Lebanon,eyeliner,#000000
Lebanon,eyeshadow,#A48779|#2E1C1C
Lebanon,foudation,#854E2F
Lebanon,lipstick,#D68E97
Lesotho,blush,#D59564
Lesotho,eyeliner,#292929
Lesotho,eyeshadow,#F4D4C4|#BEA896|#C49992
Lesotho,foudation,#B37647
Lesotho,lipstick,#6F323B
Liberia,blush,#F8BED7
Liberia,eyeliner,#000000
Liberia,eyeshadow,#AF8781|#B9816A|#292325
Liberia,foudation,#854E2F
Liberia,lipstick,#5A0B2B
Libya,blush,#E77B7C
Libya,eyeliner,#292929
Libya,eyeshadow,#FFFFEE|#996B59|#3F373F
Libya,foudation,#FBDFD0
Libya,lipstick,#9F0005
Liechtenstein,blush,#C16B52
Liechtenstein,eyeliner,#000000
Liechtenstein,eyeshadow,#333300
Liechtenstein,eyeshadow,#8F6963
Liechtenstein,eyeshadow,#E4D4CA
Liechtenstein,foudation,#A7674F
Liechtenstein,lipstick,#ED589A
Lithuania,blush,#EA8FAD
Lithuania,eyeliner,#000000
Lithuania,eyeshadow,#A48779|#2E1C1C
Lithuania,foudation,#FBDFD0
Lithuania,lipstick,#B97B7B
Luxembourg,blush,#C54A4C
Luxembourg,eyeliner,#000000
Luxembourg,eyeshadow,#B1C7D5|#A2A5B4|#505E79|#263F5D|#2C2A2D
Luxembourg,foudation,#A7674F
Luxembourg,lipstick,#8F343B
Macau SAR China,blush,#AE7D5D
Macau SAR China,eyeliner,#000000
Macau SAR China,eyeshadow,#956C58
Macau SAR China,foudation,#D5B9AE
Macau SAR China,lipstick,#DC8481
Macedonia,blush,#F07082
Macedonia,eyeliner,#292929
Macedonia,eyeshadow,#F4D4C4|#BEA896|#C49992
Macedonia,foudation,#A7674F
Macedonia,lipstick,#D68E97
Madagascar,blush,#FCBA9D
Madagascar,eyeliner,#000000
Madagascar,eyeshadow,#884A49|#F8D1D9
Madagascar,foudation,#C08559
Madagascar,lipstick,#9B294D
Malawi,blush,#ECBF98
Malawi,eyeliner,#292929
Malawi,eyeshadow,#FFFFEE|#996B59|#3F373F
Malawi,foudation,#B28B64
Malawi,lipstick,#6F323B
Malaysia,blush,#C54A4C
Malaysia,eyeliner,#292929
Malaysia,eyeshadow,#F4C7C4|#F6BECB|#68494F|#AB928B|#B2898F
Malaysia,foudation,#FBDFD0
Malaysia,lipstick,#9F0005
Maldives,blush,#C09983
Maldives,eyeliner,#292929
Maldives,eyeshadow,#F4D4C4|#BEA896|#C49992
Maldives,foudation,#F0D3B5
Maldives,lipstick,#C20E25
Mali,blush,#FCBA9D
Mali,eyeliner,#131512
Mali,eyeshadow,#352E37|#C9C9C9
Mali,foudation,#DDB790
Mali,lipstick,#6C2744
Malta,blush,#E77B7C
Malta,eyeliner,#292929
Malta,eyeshadow,#F4D4C4|#BEA896|#C49992
Malta,foudation,#FBDFD0
Malta,lipstick,#D68E97
Marshall Islands,blush,#F8BED7
Marshall Islands,eyeliner,#000000
Marshall Islands,eyeshadow,#6F2C3F|#C48571|#705853|#DDBCB0|#D4B59E
Marshall Islands,eyeshadow,#AF8781|#B9816A|#292325
Marshall Islands,foudation,#E8CFBB
Marshall Islands,lipstick,#8C121B
Martinique,blush,#C70B68
Martinique,eyeliner,#131512
Martinique,eyeshadow,#884A49|#F8D1D9
Martinique,foudation,#874721
Martinique,lipstick,#9B294D
Mauritania,blush,#DD85B8
Mauritania,eyeliner,#131512
Mauritania,eyeshadow,#2F292A
Mauritania,foudation,#FFFFFF
Mauritania,lipstick,#6C2744
Mauritius,blush,#EA529A
Mauritius,eyeliner,#292929
Mauritius,eyeshadow,#F4D4C4|#BEA896|#C49992
Mauritius,foudation,#9A633A
Mauritius,lipstick,#C20E25
Mayotte,blush,#FCBA9D
Mayotte,eyeliner,#131512
Mayotte,eyeshadow,#884A49|#F8D1D9
Mayotte,foudation,#C08559
Mayotte,lipstick,#9B294D
Mexico,blush,#B8584C
Mexico,eyeliner,#000000
Mexico,eyeshadow,#00000
Mexico,foudation,#FBDFD0
Mexico,lipstick,#AE435F
Micronesia (Federated States of),blush,#ECBF98
Micronesia (Federated States of),eyeliner,#000000
Micronesia (Federated States of),eyeshadow,#AF8781|#B9816A|#292325
Micronesia (Federated States of),foudation,#DDC3AC
Micronesia (Federated States of),lipstick,#B51F21
Moldova,blush,#EA8FAD
Moldova,eyeliner,#000000
Moldova,eyeshadow,#884A49|#F8D1D9
Moldova,foudation,#FBDFD0
Moldova,lipstick,#9B294D
Monaco,blush,#C54A4C
Monaco,eyeliner,#131512
Monaco,eyeshadow,#884A49|#F8D1D9
Monaco,foudation,#FFB6C1
Monaco,lipstick,#CF4656
Mongolia,blush,#ECBF98
Mongolia,eyeliner,#000000
Mongolia,eyeshadow,#956C58
Mongolia,foudation,#FBDFD0
Mongolia,lipstick,#C20E25
Montenegro,blush,#B66651
Montenegro,eyeliner,#292929
Montenegro,eyeshadow,#AF8781|#B9816A|#292325
Montenegro,eyeshadow,#FFFFEE|#996B59|#3F373F
Montenegro,foudation,#A7674F
Montenegro,lipstick,#8F343B
Montserrat,blush,#AE7F67
Montserrat,blush,#C99679
Montserrat,eyeliner,#000000
Montserrat,eyeshadow,#E3D9CF|#D7B8A4
Montserrat,foudation,#D09059
Montserrat,lipstick,#AE605C
Morocco,blush,#C54A4C
Morocco,eyeliner,#131512
Morocco,eyeshadow,#884A49|#F8D1D9
Morocco,foudation,#FFFFFF
Morocco,lipstick,#9F0005
Mozambique,blush,#E49A8F
Mozambique,eyeliner,#000000
Mozambique,eyeshadow,#C19E84|#B58D80|#886D69|#594746|#000000
Mozambique,foudation,#C29C77
Mozambique,lipstick,#934350
Myanmar (Burma),blush,#F6938D
Myanmar (Burma),eyeliner,#000000
Myanmar (Burma),eyeshadow,#AF8781|#B9816A|#292325
Myanmar (Burma),foudation,#FBDFD0
Myanmar (Burma),lipstick,#C20E25
Nauru,eyeshadow,#5B3C11
Nauru,lipstick,#A90010
Nepal,blush,#E77B7C
Nepal,eyeliner,#292929
Nepal,eyeshadow,#F4D4C4|#BEA896|#C49992
Nepal,foudation,#FBDFD0
Nepal,lipstick,#C20E25
Netherlands,blush,#E77B7C
Netherlands,eyeliner,#000000
Netherlands,eyeshadow,#00000
Netherlands,foudation,#CFAC8C
Netherlands,lipstick,#FB7F73
New Caledonia,blush,#FCBA9D
New Caledonia,eyeliner,#131512
New Caledonia,eyeshadow,#884A49|#F8D1D9
New Caledonia,foudation,#FFB6C1
New Caledonia,lipstick,#F99CA4
New Zealand,blush,#E77B7C
New Zealand,eyeliner,#000000
New Zealand,eyeshadow,#25282A|#5E4B3C|#AE8A79|#A58876|#CDB5A7
New Zealand,foudation,#A56B51
New Zealand,lipstick,#D77889
Nicaragua,blush,#F6938D
Nicaragua,eyeliner,#000000
Nicaragua,eyeshadow,#AF8781|#B9816A|#292325
Nicaragua,foudation,#FBDFD0
Nicaragua,lipstick,#9F0005
Niger,blush,#FCBA9D
Niger,eyeliner,#141215
Niger,eyeshadow,#884A49|#F8D1D9
Niger,foudation,#DDB790
Niger,lipstick,#9B294D
Nigeria,blush,#F8BCAD
Nigeria,eyeliner,#000000
Nigeria,eyeshadow,#AF8781|#B9816A|#292325
Nigeria,foudation,#B37647
Nigeria,lipstick,#D68E97
Niue,blush,#F6938D
Niue,blush,#FFA5D0
Niue,eyeliner,#000000
Niue,eyeshadow,#00000
Niue,eyeshadow,#25282A|#5E4B3C|#AE8A79|#A58876|#CDB5A7
Niue,eyeshadow,#73423D|#EEBAC2|#A05551
Niue,foudation,#DEC8B3
Niue,lipstick,#460008
Niue,lipstick,#6F323B
Niue,lipstick,#93272C
Niue,lipstick,#9E2530
Northern Mariana Islands,blush,#ECBF98
Northern Mariana Islands,eyeliner,#000000
Northern Mariana Islands,eyeshadow,#5C5B59
Northern Mariana Islands,foudation,#D5B9AE
Northern Mariana Islands,lipstick,#8C121B
Norway,blush,#F07082
Norway,eyeliner,#000000
Norway,eyeshadow,#FFFFEE|#934930|#5E3C3A
Norway,foudation,#D5B9AE
Norway,lipstick,#C20E25
Oman,blush,#E77B7C
Oman,eyeliner,#292929
Oman,eyeshadow,#F4D4C4|#BEA896|#C49992
Oman,foudation,#FBDFD0
Oman,lipstick,#C20E25
Pakistan,blush,#F6938D
Pakistan,eyeliner,#292929
Pakistan,eyeshadow,#F4D4C4|#BEA896|#C49992
Pakistan,foudation,#FBDFD0
Pakistan,lipstick,#C20E25
Palau,blush,#D29F7F
Palau,eyeliner,#000000
Palau,eyeshadow,#96675E
Palau,eyeshadow,#AF8781|#B9816A|#292325
Palau,foudation,#CEAE99
Palau,foudation,#D3A87D
Palau,lipstick,#AE5F59
Palau,lipstick,#CA1C38
Palau,lipstick,#CC646C
Palau,lipstick,#DF8392
Palestinian Territories,blush,#E77B7C
Palestinian Territories,eyeliner,#000000
Palestinian Territories,eyeshadow,#96675E
Palestinian Territories,foudation,#F3D3AE
Palestinian Territories,lipstick,#8C121B
Panama,blush,#F6938D
Panama,eyeliner,#000000
Panama,eyeshadow,#AF8781|#B9816A|#292325
Panama,foudation,#B28B64
Panama,lipstick,#FF3296
Papua New Guinea,blush,#AE7D5D
Papua New Guinea,eyeliner,#292929
Papua New Guinea,eyeshadow,#00000
Papua New Guinea,foudation,#B37647
Papua New Guinea,lipstick,#860C35
Paraguay,blush,#F6938D
Paraguay,eyeliner,#000000
Paraguay,eyeshadow,#00000
Paraguay,foudation,#D5B9AE
Paraguay,lipstick,#9F0005
Peru,blush,#C2727C
Peru,eyeliner,#000000
Peru,eyeshadow,#A48779|#2E1C1C
Peru,foudation,#FBDFD0
Peru,lipstick,#AB053B
Philippines,blush,#E77B7C
Philippines,eyeliner,#000000
Philippines,eyeshadow,#AF8781|#B9816A|#292325
Philippines,foudation,#FBDFD0
Philippines,lipstick,#A23646
Poland,blush,#F07082
Poland,eyeliner,#000000
Poland,eyeshadow,#F4C7C4|#F6BECB|#68494F|#AB928B|#B2898F
Poland,foudation,#A7674F
Poland,lipstick,#9B294D
Portugal,blush,#F49382
Portugal,eyeliner,#000000
Portugal,eyeshadow,#C19E84|#B58D80|#886D69|#594746|#000000
Portugal,foudation,#CFAC8C
Portugal,lipstick,#934350
Puerto Rico,blush,#E77B7C
Puerto Rico,eyeliner,#000000
Puerto Rico,eyeshadow,#AF8781|#B9816A|#292325
Puerto Rico,foudation,#D5B9AE
Puerto Rico,lipstick,#A23646
Qatar,blush,#E77B7C
Qatar,eyeliner,#292929
Qatar,eyeshadow,#3F373F|#8D645E|#59434D
Qatar,foudation,#E8CFBB
Qatar,lipstick,#C20E25
Reunion,blush,#C54A4C
Reunion,eyeliner,#131512
Reunion,eyeshadow,#352E37|#C9C9C9
Reunion,foudation,#C08559
Reunion,lipstick,#9B294D
Romania,blush,#E77B7C
Romania,eyeliner,#292929
Romania,eyeshadow,#00000
Romania,foudation,#A7674F
Romania,lipstick,#D68E97
Russia,blush,#EA8FAD
Russia,eyeliner,#000000
Russia,eyeshadow,#F4C7C4|#F6BECB|#68494F|#AB928B|#B2898F
Russia,foudation,#E3AC8A
Russia,lipstick,#9B294D
Rwanda,blush,#AE7D5D
Rwanda,eyeliner,#000000
Rwanda,eyeshadow,#00000
Rwanda,foudation,#854E2F
Rwanda,lipstick,#6C2744
Samoa,blush,#AD070B
Samoa,eyeliner,#000000
Samoa,eyeshadow,#A48779|#2E1C1C
Samoa,foudation,#FBD7BC
Samoa,lipstick,#9E2530
San Marino,blush,#E68D87
San Marino,blush,#E77B7C
San Marino,blush,#EA8FAD
San Marino,blush,#F0D1A3
San Marino,blush,#F28D81
San Marino,blush,#FFCC99
San Marino,eyeliner,#000000
San Marino,eyeshadow,#884A49|#F8D1D9
San Marino,foudation,#AD7A3B
San Marino,foudation,#D8AC93
San Marino,foudation,#E3AC8A
San Marino,foudation,#F1C29E
San Marino,foudation,#F4CBA3
San Marino,lipstick,#9B294D
Sao Tome & Principe,blush,#CF6F76
Sao Tome & Principe,blush,#DC5E87
Sao Tome & Principe,blush,#EA7E79
Sao Tome & Principe,blush,#ECAA90
Sao Tome & Principe,blush,#F49382
Sao Tome & Principe,blush,#FD7198
Sao Tome & Principe,eyeliner,#000000
Sao Tome & Principe,eyeshadow,#161815|#0E1215
Sao Tome & Principe,eyeshadow,#884A49|#F8D1D9
Sao Tome & Principe,eyeshadow,#CC9D83
Sao Tome & Principe,eyeshadow,#E8A29A|#8E6054|#B37E7E
Sao Tome & Principe,eyeshadow,#F4D4C4|#BEA896|#C49992
Sao Tome & Principe,foudation,#A56B51
Sao Tome & Principe,lipstick,#8D2029
Saudi Arabia,blush,#E77B7C
Saudi Arabia,eyeliner,#292929
Saudi Arabia,eyeshadow,#F4D4C4|#BEA896|#C49992
Saudi Arabia,foudation,#FBDFD0
Saudi Arabia,lipstick,#C20E25
Senegal,blush,#FCBA9D
Senegal,eyeliner,#131512
Senegal,eyeshadow,#884A49|#F8D1D9
Senegal,foudation,#9A633A
Senegal,lipstick,#9B294D
Serbia,blush,#F07082
Serbia,eyeliner,#292929
Serbia,eyeshadow,#00000
Serbia,foudation,#854E2F
Serbia,lipstick,#D68E97
Seychelles,blush,#DC5E87
Seychelles,blush,#E77B7C
Seychelles,eyeliner,#292929
Seychelles,eyeshadow,#5B3C11
Seychelles,foudation,#854E2F
Seychelles,lipstick,#D68E97
Sierra Leone,blush,#DC5E87
Sierra Leone,eyeliner,#000000
Sierra Leone,eyeshadow,#AF8781|#B9816A|#292325
Sierra Leone,foudation,#854E2F
Sierra Leone,lipstick,#9F0005
Singapore,blush,#E77B7C
Singapore,eyeliner,#292929
Singapore,eyeshadow,#F4D4C4|#BEA896|#C49992
Singapore,foudation,#FBDFD0
Singapore,lipstick,#C20E25
Sint Maarten,blush,#ECBF98
Sint Maarten,blush,#F8BCAD
Sint Maarten,eyeliner,#000000
Sint Maarten,eyeshadow,#96675E
Sint Maarten,foudation,#854E2F
Sint Maarten,lipstick,#C80F10
Slovakia,blush,#FFACAC
Slovakia,eyeliner,#000000
Slovakia,eyeshadow,#FFFFEE|#934930|#5E3C3A
Slovakia,foudation,#DEA376
Slovakia,lipstick,#D68E97
Slovenia,blush,#E77B7C
Slovenia,eyeliner,#292929
Slovenia,eyeshadow,#A48779|#2E1C1C
Slovenia,foudation,#A7674F
Slovenia,lipstick,#D68E97
Solomon Islands,blush,#C68E83
Solomon Islands,eyeliner,#292929
Solomon Islands,eyeshadow,#E4E4E4
Solomon Islands,foudation,#854E2F
Solomon Islands,lipstick,#7F1B5D
Somalia,blush,#F8BCAD
Somalia,eyeliner,#292929
Somalia,eyeshadow,#F4D4C4|#BEA896|#C49992
Somalia,foudation,#EFC8A1
Somalia,lipstick,#C20E25
South Africa,blush,#ECBF98
South Africa,eyeliner,#292929
South Africa,eyeshadow,#FFFFEE|#996B59|#3F373F
South Africa,foudation,#B37647
South Africa,lipstick,#D68E97
South Korea,blush,#E77B7C
South Korea,eyeliner,#1A1115
South Korea,eyeshadow,#A48779|#2E1C1C
South Korea,foudation,#FBDFD0
South Korea,lipstick,#D03B51
South Sudan,blush,#F3A299
South Sudan,eyeliner,#292929
South Sudan,eyeshadow,#5C5B59
South Sudan,eyeshadow,#74503F|#581C1E|#E3B9BE|#EFE0DA|#A35F5E
South Sudan,eyeshadow,#956C58
South Sudan,eyeshadow,#F4D4C4|#BEA896|#C49992
South Sudan,foudation,#A56B51
South Sudan,lipstick,#8D2029
Spain,blush,#F07082
Spain,eyeliner,#000000
Spain,eyeshadow,#AF8781|#B9816A|#292325
Spain,foudation,#A7674F
Spain,lipstick,#9B294D
Sri Lanka,blush,#F8BCAD
Sri Lanka,eyeliner,#292929
Sri Lanka,eyeshadow,#F4D4C4|#BEA896|#C49992
Sri Lanka,foudation,#F2D1A2
Sri Lanka,lipstick,#C20E25
St. Barthelemy,blush,#BE4451
St. Barthelemy,blush,#FCBA9D
St. Barthelemy,lipstick,#E31C79
St. Barthelemy,lipstick,#F74FAB
St. Helena,eyeliner,#292929
St. Helena,eyeshadow,#FFFFEE|#996B59|#3F373F
St. Helena,lipstick,#975F83
St. Helena,lipstick,#A35A66
St. Helena,lipstick,#C2646E
St. Helena,lipstick,#D9605F
St. Kitts & Nevis,blush,#FD7198
St. Kitts & Nevis,eyeliner,#000000
St. Kitts & Nevis,eyeshadow,#00000
St. Kitts & Nevis,eyeshadow,#AF8781|#B9816A|#292325
St. Kitts & Nevis,foudation,#C6A07B
St. Kitts & Nevis,lipstick,#CB3165
St. Lucia,blush,#AD070B
St. Lucia,eyeliner,#000000
St. Lucia,eyeshadow,#00000
St. Lucia,foudation,#854E2F
St. Lucia,lipstick,#6F323B
St. Lucia,lipstick,#FF8966
St. Pierre & Miquelon,blush,#8A4C3D
St. Pierre & Miquelon,eyeliner,#000000
St. Pierre & Miquelon,eyeliner,#131512
St. Pierre & Miquelon,eyeshadow,#876256
St. Pierre & Miquelon,foudation,#FFB6C1
St. Pierre & Miquelon,lipstick,#C79093
St. Pierre & Miquelon,lipstick,#CF4656
St. Vincent & Grenadines,blush,#AE4765
St. Vincent & Grenadines,eyeliner,#000000
St. Vincent & Grenadines,eyeshadow,#DB589F
St. Vincent & Grenadines,foudation,#B37647
St. Vincent & Grenadines,lipstick,#D68E97
Sudan,blush,#F8BCAD
Sudan,eyeliner,#292929
Sudan,eyeshadow,#5C5B59
Sudan,foudation,#DDC3AC
Sudan,lipstick,#8D2029
Suriname,blush,#E49A8F
Suriname,eyeliner,#000000
Suriname,eyeshadow,#161815|#0E1215
Suriname,foudation,#CFAC8C
Suriname,lipstick,#FD507C
Swaziland,blush,#EC949D
Swaziland,eyeliner,#292929
Swaziland,eyeshadow,#F4D4C4|#BEA896|#C49992
Swaziland,foudation,#F0D3B5
Swaziland,lipstick,#7C243E
Sweden,blush,#F07082
Sweden,eyeliner,#000000
Sweden,eyeshadow,#FFFFEE|#934930|#5E3C3A
Sweden,foudation,#A7674F
Sweden,lipstick,#C20E25
Switzerland,blush,#F07082
Switzerland,eyeliner,#292929
Switzerland,eyeshadow,#8F6963
Switzerland,foudation,#A7674F
Switzerland,lipstick,#8F343B
Syria,blush,#E77B7C
Syria,eyeliner,#000000
Syria,eyeshadow,#A48779|#2E1C1C
Syria,foudation,#D5B9AE
Syria,lipstick,#D68E97
Taiwan,blush,#E88FA0
Taiwan,eyeliner,#000000
Taiwan,eyeshadow,#C09C83|#755042
Taiwan,foudation,#ECBAA8
Taiwan,lipstick,#E37773
Tajikistan,blush,#EA8FAD
Tajikistan,eyeliner,#000000
Tajikistan,eyeshadow,#A8A8AA|#E6DFD5|#353439|#807675|#4A4849
Tajikistan,foudation,#FBDFD0
Tajikistan,lipstick,#9B294D
Tanzania,blush,#ECBF98
Tanzania,eyeliner,#000000
Tanzania,eyeshadow,#AF8781|#B9816A|#292325
Tanzania,foudation,#854E2F
Tanzania,lipstick,#8D2029
Thailand,blush,#E77B7C
Thailand,eyeliner,#000000
Thailand,eyeshadow,#A48779|#2E1C1C
Thailand,foudation,#D5B9AE
Thailand,lipstick,#9B294D
Timor-Leste,blush,#C54A4C
Timor-Leste,eyeliner,#292929
Timor-Leste,eyeshadow,#5B3C11
Timor-Leste,foudation,#B37647
Timor-Leste,foudation,#FBDFD0
Timor-Leste,lipstick,#D86074
Togo,blush,#FCBA9D
Togo,eyeliner,#131512
Togo,eyeshadow,#884A49|#F8D1D9
Togo,foudation,#9A633A
Togo,lipstick,#9B294D
Tokelau,blush,#E17692
Tokelau,eyeliner,#454545
Tokelau,eyeshadow,#73423D|#EEBAC2|#A05551
Tokelau,eyeshadow,#978176
Tokelau,foudation,#E8CFBB
Tokelau,foudation,#E9C293
Tokelau,lipstick,#7A0611
Tokelau,lipstick,#A31A44
Tokelau,lipstick,#EABAAF
Tonga,blush,#E5937D
Tonga,eyeliner,#000000
Tonga,eyeshadow,#FEFEFE
Tonga,foudation,#DDC3AC
Tonga,lipstick,#B7221C
Trinidad & Tobago,blush,#E77B7C
Trinidad & Tobago,eyeliner,#000000
Trinidad & Tobago,eyeshadow,#AF8781|#B9816A|#292325
Trinidad & Tobago,foudation,#B37647
Trinidad & Tobago,lipstick,#81374A
Tunisia,blush,#FCBA9D
Tunisia,eyeliner,#000000
Tunisia,eyeshadow,#884A49|#F8D1D9
Tunisia,foudation,#FFFFFF
Tunisia,lipstick,#9F0005
Turkey,blush,#F07082
Turkey,eyeliner,#000000
Turkey,eyeshadow,#A48779|#2E1C1C
Turkey,foudation,#A7674F
Turkey,lipstick,#8F343B
Turkmenistan,blush,#EA8FAD
Turkmenistan,eyeliner,#000000
Turkmenistan,eyeshadow,#352E37|#C9C9C9
Turkmenistan,foudation,#FBDFD0
Turkmenistan,lipstick,#9B294D
Turks & Caicos Islands,blush,#F8BED7
Turks & Caicos Islands,eyeliner,#000000
Turks & Caicos Islands,eyeshadow,#E1B7A7
Turks & Caicos Islands,foudation,#DEB28D
Turks & Caicos Islands,lipstick,#CC8369
Tuvalu,blush,#E0A297
Tuvalu,eyeliner,#292929
Tuvalu,eyeshadow,#AF8781|#B9816A|#292325
Tuvalu,foudation,#FBDFD0
Tuvalu,lipstick,#E3026F
U.S. Virgin Islands,blush,#ECBF98
U.S. Virgin Islands,eyeliner,#000000
U.S. Virgin Islands,eyeshadow,#D9BAF5|#9658F7
U.S. Virgin Islands,foudation,#A56B51
U.S. Virgin Islands,lipstick,#8C121B
Uganda,blush,#ECAA90
Uganda,eyeliner,#292929
Uganda,eyeshadow,#5B3C11
Uganda,foudation,#854E2F
Uganda,lipstick,#9E003C
Ukraine,blush,#EA8FAD
Ukraine,eyeliner,#000000
Ukraine,eyeshadow,#352E37|#C9C9C9
Ukraine,foudation,#E3AC8A
Ukraine,lipstick,#9B294D
United Arab Emirates,blush,#E77B7C
United Arab Emirates,eyeliner,#292929
United Arab Emirates,eyeshadow,#A48779|#2E1C1C
United Arab Emirates,foudation,#D5B9AE
United Arab Emirates,lipstick,#C20E25
United Kingdom,blush,#E77B7C
United Kingdom,eyeliner,#292929
United Kingdom,eyeshadow,#5B3C11
United Kingdom,foudation,#CFAC8C
United Kingdom,lipstick,#B97B7B
United States,blush,#E77B7C
United States,eyeliner,#000000
United States,eyeshadow,#AF8781|#B9816A|#292325
United States,foudation,#D5B9AE
United States,lipstick,#A23646
Uruguay,blush,#F6938D
Uruguay,eyeliner,#000000
Uruguay,eyeshadow,#00000
Uruguay,foudation,#F3D3AE
Uruguay,lipstick,#9F0005
Uzbekistan,blush,#EA8FAD
Uzbekistan,eyeliner,#000000
Uzbekistan,eyeshadow,#352E37|#C9C9C9
Uzbekistan,foudation,#FBDFD0
Uzbekistan,lipstick,#9B294D
Vanuatu,blush,#A45F47
Vanuatu,eyeliner,#292929
Vanuatu,eyeshadow,#3F373F|#8D645E|#59434D
Vanuatu,foudation,#A56B51
Vanuatu,lipstick,#7C243E
Vanuatu,lipstick,#AD6566
Venezuela,blush,#F6938D
Venezuela,eyeliner,#000000
Venezuela,eyeshadow,#A48779|#2E1C1C
Venezuela,foudation,#FBDFD0
Venezuela,lipstick,#FF3296
Vietnam,blush,#E77B7C
Vietnam,eyeliner,#000000
Vietnam,eyeshadow,#AF8781|#B9816A|#292325
Vietnam,foudation,#D5B9AE
Vietnam,lipstick,#EB4B5D
Wallis & Futuna,blush,#C70B68
Wallis & Futuna,blush,#DD85B8
Wallis & Futuna,eyeliner,#131512
Wallis & Futuna,eyeshadow,#884A49|#F8D1D9
Wallis & Futuna,eyeshadow,#B58366
Wallis & Futuna,foudation,#874721
Wallis & Futuna,foudation,#9A633A
Wallis & Futuna,foudation,#D2A785
Wallis & Futuna,foudation,#DBAC80
Wallis & Futuna,foudation,#E0B491
Wallis & Futuna,foudation,#E2BB94
Wallis & Futuna,foudation,#FFB6C1
Wallis & Futuna,lipstick,#941729
Wallis & Futuna,lipstick,#BF554D
Wallis & Futuna,lipstick,#C21215
Western Sahara,blush,#EA529A
Western Sahara,eyeliner,#131512
Western Sahara,eyeshadow,#884A49|#F8D1D9
Western Sahara,foudation,#FFB6C1
Western Sahara,lipstick,#9F0005
Yemen,blush,#E17692
Yemen,eyeliner,#000000
Yemen,eyeshadow,#AF8781|#B9816A|#292325
Yemen,foudation,#F3D3AE
Yemen,lipstick,#9F0005
Zambia,blush,#FF5F3D
Zambia,eyeliner,#292929
Zambia,eyeshadow,#FFFFEE|#996B59|#3F373F
Zambia,foudation,#854E2F
Zambia,lipstick,#7C243E
Zimbabwe,blush,#F8BCAD
Zimbabwe,eyeliner,#292929
Zimbabwe,eyeshadow,#F4D4C4|#BEA896|#C49992
Zimbabwe,foudation,#854E2F
Zimbabwe,lipstick,#D68E97
